Id;Label;Group 
John;John;Blue
Paul;Paul;Blue
Mile;Mile;Yellow
Roger;Roger;Red
Luke;Luke;Red
Tom;Tom;Green
Nancy;Nancy;Red
Beth;Beth;Green
Mary;Mary;Green
